{"Version":1,"ManifestType":"Publish","Endpoints":[{"Route":"css/mobile.bkknmeh8a1.css","AssetFile":"css/mobile.css","Selectors":[],"ResponseHeaders":[{"Name":"Cache-Control","Value":"max-age=31536000, immutable"},{"Name":"Content-Length","Value":"12701"},{"Name":"Content-Type","Value":"text/css"},{"Name":"ETag","Value":"\"26X5vKhyTNsp3m8AXkB+rcIuWgMc3FfOc0EW2FSvLcA=\""},{"Name":"Last-Modified","Value":"Thu, 08 Jan 2026 15:58:04 GMT"}],"EndpointProperties":[{"Name":"fingerprint","Value":"bkknmeh8a1"},{"Name":"integrity","Value":"sha256-26X5vKhyTNsp3m8AXkB+rcIuWgMc3FfOc0EW2FSvLcA="},{"Name":"label","Value":"css/mobile.css"}]},{"Route":"css/mobile.css","AssetFile":"css/mobile.css","Selectors":[],"ResponseHeaders":[{"Name":"Cache-Control","Value":"no-cache"},{"Name":"Content-Length","Value":"12701"},{"Name":"Content-Type","Value":"text/css"},{"Name":"ETag","Value":"\"26X5vKhyTNsp3m8AXkB+rcIuWgMc3FfOc0EW2FSvLcA=\""},{"Name":"Last-Modified","Value":"Thu, 08 Jan 2026 15:58:04 GMT"}],"EndpointProperties":[{"Name":"integrity","Value":"sha256-26X5vKhyTNsp3m8AXkB+rcIuWgMc3FfOc0EW2FSvLcA="}]},{"Route":"css/site.css","AssetFile":"css/site.css","Selectors":[],"ResponseHeaders":[{"Name":"Cache-Control","Value":"no-cache"},{"Name":"Content-Length","Value":"46604"},{"Name":"Content-Type","Value":"text/css"},{"Name":"ETag","Value":"\"RpKzZ3trORCZCvsy1vh4/X26QU7KcQRAk8hfzOxQqgQ=\""},{"Name":"Last-Modified","Value":"Thu, 08 Jan 2026 15:58:04 GMT"}],"EndpointProperties":[{"Name":"integrity","Value":"sha256-RpKzZ3trORCZCvsy1vh4/X26QU7KcQRAk8hfzOxQqgQ="}]},{"Route":"css/site.mljqocgfod.css","AssetFile":"css/site.css","Selectors":[],"ResponseHeaders":[{"Name":"Cache-Control","Value":"max-age=31536000, immutable"},{"Name":"Content-Length","Value":"46604"},{"Name":"Content-Type","Value":"text/css"},{"Name":"ETag","Value":"\"RpKzZ3trORCZCvsy1vh4/X26QU7KcQRAk8hfzOxQqgQ=\""},{"Name":"Last-Modified","Value":"Thu, 08 Jan 2026 15:58:04 GMT"}],"EndpointProperties":[{"Name":"fingerprint","Value":"mljqocgfod"},{"Name":"integrity","Value":"sha256-RpKzZ3trORCZCvsy1vh4/X26QU7KcQRAk8hfzOxQqgQ="},{"Name":"label","Value":"css/site.css"}]},{"Route":"js/atalhos.js","AssetFile":"js/atalhos.js","Selectors":[],"ResponseHeaders":[{"Name":"Cache-Control","Value":"no-cache"},{"Name":"Content-Length","Value":"2609"},{"Name":"Content-Type","Value":"text/javascript"},{"Name":"ETag","Value":"\"yOAgv1bei/ow9GLAw0AmaKlLQXGlnDKnyd2Gw9C4YKw=\""},{"Name":"Last-Modified","Value":"Thu, 08 Jan 2026 15:58:04 GMT"}],"EndpointProperties":[{"Name":"integrity","Value":"sha256-yOAgv1bei/ow9GLAw0AmaKlLQXGlnDKnyd2Gw9C4YKw="}]},{"Route":"js/atalhos.ogvu68s10m.js","AssetFile":"js/atalhos.js","Selectors":[],"ResponseHeaders":[{"Name":"Cache-Control","Value":"max-age=31536000, immutable"},{"Name":"Content-Length","Value":"2609"},{"Name":"Content-Type","Value":"text/javascript"},{"Name":"ETag","Value":"\"yOAgv1bei/ow9GLAw0AmaKlLQXGlnDKnyd2Gw9C4YKw=\""},{"Name":"Last-Modified","Value":"Thu, 08 Jan 2026 15:58:04 GMT"}],"EndpointProperties":[{"Name":"fingerprint","Value":"ogvu68s10m"},{"Name":"integrity","Value":"sha256-yOAgv1bei/ow9GLAw0AmaKlLQXGlnDKnyd2Gw9C4YKw="},{"Name":"label","Value":"js/atalhos.js"}]},{"Route":"js/download.js","AssetFile":"js/download.js","Selectors":[],"ResponseHeaders":[{"Name":"Cache-Control","Value":"no-cache"},{"Name":"Content-Length","Value":"342"},{"Name":"Content-Type","Value":"text/javascript"},{"Name":"ETag","Value":"\"I30s6EzXnB0OzfzNeVF+2cgd7eNKIYhGZSCeNgml9xs=\""},{"Name":"Last-Modified","Value":"Thu, 08 Jan 2026 15:58:04 GMT"}],"EndpointProperties":[{"Name":"integrity","Value":"sha256-I30s6EzXnB0OzfzNeVF+2cgd7eNKIYhGZSCeNgml9xs="}]},{"Route":"js/download.njit6xdft2.js","AssetFile":"js/download.js","Selectors":[],"ResponseHeaders":[{"Name":"Cache-Control","Value":"max-age=31536000, immutable"},{"Name":"Content-Length","Value":"342"},{"Name":"Content-Type","Value":"text/javascript"},{"Name":"ETag","Value":"\"I30s6EzXnB0OzfzNeVF+2cgd7eNKIYhGZSCeNgml9xs=\""},{"Name":"Last-Modified","Value":"Thu, 08 Jan 2026 15:58:04 GMT"}],"EndpointProperties":[{"Name":"fingerprint","Value":"njit6xdft2"},{"Name":"integrity","Value":"sha256-I30s6EzXnB0OzfzNeVF+2cgd7eNKIYhGZSCeNgml9xs="},{"Name":"label","Value":"js/download.js"}]},{"Route":"js/mobile.js","AssetFile":"js/mobile.js","Selectors":[],"ResponseHeaders":[{"Name":"Cache-Control","Value":"no-cache"},{"Name":"Content-Length","Value":"6486"},{"Name":"Content-Type","Value":"text/javascript"},{"Name":"ETag","Value":"\"w5l+XFidxtf59Yme7TlMW5vMOdBUw//pTHEFxLSlXok=\""},{"Name":"Last-Modified","Value":"Thu, 08 Jan 2026 15:58:04 GMT"}],"EndpointProperties":[{"Name":"integrity","Value":"sha256-w5l+XFidxtf59Yme7TlMW5vMOdBUw//pTHEFxLSlXok="}]},{"Route":"js/mobile.p9mydlq6j3.js","AssetFile":"js/mobile.js","Selectors":[],"ResponseHeaders":[{"Name":"Cache-Control","Value":"max-age=31536000, immutable"},{"Name":"Content-Length","Value":"6486"},{"Name":"Content-Type","Value":"text/javascript"},{"Name":"ETag","Value":"\"w5l+XFidxtf59Yme7TlMW5vMOdBUw//pTHEFxLSlXok=\""},{"Name":"Last-Modified","Value":"Thu, 08 Jan 2026 15:58:04 GMT"}],"EndpointProperties":[{"Name":"fingerprint","Value":"p9mydlq6j3"},{"Name":"integrity","Value":"sha256-w5l+XFidxtf59Yme7TlMW5vMOdBUw//pTHEFxLSlXok="},{"Name":"label","Value":"js/mobile.js"}]},{"Route":"js/session.js","AssetFile":"js/session.js","Selectors":[],"ResponseHeaders":[{"Name":"Cache-Control","Value":"no-cache"},{"Name":"Content-Length","Value":"2098"},{"Name":"Content-Type","Value":"text/javascript"},{"Name":"ETag","Value":"\"GPPT824UemiV9ufk0qKaBludT4FMPRtS6ncGBx3fHlY=\""},{"Name":"Last-Modified","Value":"Thu, 08 Jan 2026 15:58:04 GMT"}],"EndpointProperties":[{"Name":"integrity","Value":"sha256-GPPT824UemiV9ufk0qKaBludT4FMPRtS6ncGBx3fHlY="}]},{"Route":"js/session.kl66u6v0wl.js","AssetFile":"js/session.js","Selectors":[],"ResponseHeaders":[{"Name":"Cache-Control","Value":"max-age=31536000, immutable"},{"Name":"Content-Length","Value":"2098"},{"Name":"Content-Type","Value":"text/javascript"},{"Name":"ETag","Value":"\"GPPT824UemiV9ufk0qKaBludT4FMPRtS6ncGBx3fHlY=\""},{"Name":"Last-Modified","Value":"Thu, 08 Jan 2026 15:58:04 GMT"}],"EndpointProperties":[{"Name":"fingerprint","Value":"kl66u6v0wl"},{"Name":"integrity","Value":"sha256-GPPT824UemiV9ufk0qKaBludT4FMPRtS6ncGBx3fHlY="},{"Name":"label","Value":"js/session.js"}]}]}